id,Activity
1,LAYING
2,LAYING
3,LAYING
4,LAYING
5,LAYING
6,LAYING
7,LAYING
8,LAYING
9,LAYING
10,LAYING
11,LAYING
12,LAYING
13,LAYING
14,LAYING
15,LAYING
16,LAYING
17,LAYING
18,LAYING
19,LAYING
20,LAYING
21,LAYING
22,LAYING
23,LAYING
24,LAYING
25,LAYING
26,LAYING
27,LAYING
28,LAYING
29,LAYING
30,LAYING
31,LAYING
32,LAYING
33,LAYING
34,LAYING
35,LAYING
36,LAYING
37,LAYING
38,LAYING
39,LAYING
40,LAYING
41,LAYING
42,LAYING
43,LAYING
44,LAYING
45,LAYING
46,LAYING
47,LAYING
48,LAYING
49,LAYING
50,LAYING
51,LAYING
52,LAYING
53,LAYING
54,LAYING
55,LAYING
56,LAYING
57,LAYING
58,LAYING
59,LAYING
60,LAYING
61,LAYING
62,LAYING
63,LAYING
64,LAYING
65,LAYING
66,LAYING
67,LAYING
68,LAYING
69,LAYING
70,LAYING
71,LAYING
72,LAYING
73,LAYING
74,LAYING
75,LAYING
76,LAYING
77,LAYING
78,LAYING
79,LAYING
80,LAYING
81,LAYING
82,LAYING
83,LAYING
84,LAYING
85,LAYING
86,LAYING
87,LAYING
88,LAYING
89,LAYING
90,LAYING
91,LAYING
92,LAYING
93,LAYING
94,LAYING
95,LAYING
96,LAYING
97,LAYING
98,LAYING
99,LAYING
100,LAYING
101,LAYING
102,LAYING
103,LAYING
104,LAYING
105,LAYING
106,LAYING
107,LAYING
108,LAYING
109,LAYING
110,LAYING
111,LAYING
112,LAYING
113,LAYING
114,LAYING
115,LAYING
116,LAYING
117,LAYING
118,LAYING
119,LAYING
120,LAYING
121,LAYING
122,LAYING
123,LAYING
124,LAYING
125,LAYING
126,LAYING
127,LAYING
128,LAYING
129,LAYING
130,LAYING
131,LAYING
132,LAYING
133,LAYING
134,LAYING
135,LAYING
136,LAYING
137,LAYING
138,LAYING
139,LAYING
140,LAYING
141,LAYING
142,LAYING
143,LAYING
144,LAYING
145,LAYING
146,LAYING
147,LAYING
148,LAYING
149,LAYING
150,LAYING
151,LAYING
152,LAYING
153,LAYING
154,LAYING
155,LAYING
156,LAYING
157,LAYING
158,LAYING
159,LAYING
160,LAYING
161,LAYING
162,LAYING
163,LAYING
164,LAYING
165,LAYING
166,LAYING
167,LAYING
168,LAYING
169,LAYING
170,LAYING
171,LAYING
172,LAYING
173,LAYING
174,LAYING
175,LAYING
176,LAYING
177,LAYING
178,LAYING
179,LAYING
180,LAYING
181,LAYING
182,LAYING
183,LAYING
184,LAYING
185,LAYING
186,LAYING
187,LAYING
188,LAYING
189,LAYING
190,LAYING
191,LAYING
192,LAYING
193,LAYING
194,LAYING
195,LAYING
196,LAYING
197,LAYING
198,LAYING
199,LAYING
200,LAYING
201,LAYING
202,LAYING
203,LAYING
204,LAYING
205,LAYING
206,LAYING
207,LAYING
208,LAYING
209,LAYING
210,LAYING
211,LAYING
212,LAYING
213,LAYING
214,LAYING
215,LAYING
216,LAYING
217,LAYING
218,LAYING
219,LAYING
220,LAYING
221,LAYING
222,LAYING
223,LAYING
224,LAYING
225,LAYING
226,LAYING
227,LAYING
228,LAYING
229,LAYING
230,LAYING
231,LAYING
232,LAYING
233,LAYING
234,LAYING
235,LAYING
236,LAYING
237,LAYING
238,LAYING
239,LAYING
240,LAYING
241,LAYING
242,LAYING
243,LAYING
244,LAYING
245,LAYING
246,LAYING
247,LAYING
248,LAYING
249,LAYING
250,LAYING
251,LAYING
252,LAYING
253,LAYING
254,LAYING
255,LAYING
256,LAYING
257,LAYING
258,LAYING
259,LAYING
260,LAYING
261,LAYING
262,LAYING
263,LAYING
264,LAYING
265,LAYING
266,LAYING
267,LAYING
268,LAYING
269,LAYING
270,LAYING
271,LAYING
272,LAYING
273,LAYING
274,LAYING
275,LAYING
276,LAYING
277,LAYING
278,LAYING
279,LAYING
280,LAYING
281,LAYING
282,LAYING
283,LAYING
284,LAYING
285,LAYING
286,LAYING
287,LAYING
288,LAYING
289,LAYING
290,LAYING
291,LAYING
292,LAYING
293,LAYING
294,LAYING
295,LAYING
296,LAYING
297,LAYING
298,LAYING
299,LAYING
300,LAYING
301,LAYING
302,LAYING
303,LAYING
304,LAYING
305,LAYING
306,LAYING
307,LAYING
308,LAYING
309,LAYING
310,LAYING
311,LAYING
312,LAYING
313,LAYING
314,LAYING
315,LAYING
316,LAYING
317,LAYING
318,LAYING
319,LAYING
320,LAYING
321,LAYING
322,LAYING
323,LAYING
324,LAYING
325,LAYING
326,LAYING
327,LAYING
328,LAYING
329,LAYING
330,LAYING
331,LAYING
332,LAYING
333,LAYING
334,LAYING
335,LAYING
336,LAYING
337,LAYING
338,LAYING
339,LAYING
340,LAYING
341,LAYING
342,LAYING
343,LAYING
344,LAYING
345,LAYING
346,LAYING
347,LAYING
348,LAYING
349,LAYING
350,LAYING
351,LAYING
352,LAYING
353,LAYING
354,LAYING
355,LAYING
356,LAYING
357,LAYING
358,LAYING
359,LAYING
360,LAYING
361,LAYING
362,LAYING
363,LAYING
364,LAYING
365,LAYING
366,LAYING
367,LAYING
368,LAYING
369,LAYING
370,LAYING
371,LAYING
372,LAYING
373,LAYING
374,LAYING
375,LAYING
376,LAYING
377,LAYING
378,LAYING
379,LAYING
380,LAYING
381,LAYING
382,LAYING
383,LAYING
384,LAYING
385,LAYING
386,LAYING
387,LAYING
388,LAYING
389,LAYING
390,LAYING
391,LAYING
392,LAYING
393,LAYING
394,LAYING
395,LAYING
396,LAYING
397,LAYING
398,LAYING
399,LAYING
400,LAYING
401,LAYING
402,LAYING
403,LAYING
404,LAYING
405,LAYING
406,LAYING
407,LAYING
408,LAYING
409,LAYING
410,LAYING
411,LAYING
412,LAYING
413,LAYING
414,LAYING
415,LAYING
416,LAYING
417,LAYING
418,LAYING
419,LAYING
420,LAYING
421,LAYING
422,LAYING
423,LAYING
424,LAYING
425,LAYING
426,LAYING
427,LAYING
428,LAYING
429,LAYING
430,LAYING
431,LAYING
432,LAYING
433,LAYING
434,LAYING
435,LAYING
436,LAYING
437,LAYING
438,LAYING
439,LAYING
440,LAYING
441,LAYING
442,LAYING
443,LAYING
444,LAYING
445,LAYING
446,LAYING
447,LAYING
448,LAYING
449,LAYING
450,LAYING
451,LAYING
452,LAYING
453,LAYING
454,LAYING
455,LAYING
456,LAYING
457,LAYING
458,LAYING
459,LAYING
460,LAYING
461,LAYING
462,LAYING
463,LAYING
464,LAYING
465,LAYING
466,LAYING
467,LAYING
468,LAYING
469,LAYING
470,LAYING
471,LAYING
472,LAYING
473,LAYING
474,LAYING
475,LAYING
476,LAYING
477,LAYING
478,LAYING
479,LAYING
480,LAYING
481,LAYING
482,LAYING
483,LAYING
484,LAYING
485,LAYING
486,LAYING
487,LAYING
488,LAYING
489,LAYING
490,LAYING
491,LAYING
492,LAYING
493,LAYING
494,LAYING
495,LAYING
496,LAYING
497,LAYING
498,LAYING
499,LAYING
500,LAYING
501,LAYING
502,LAYING
503,LAYING
504,LAYING
505,LAYING
506,LAYING
507,LAYING
508,LAYING
509,LAYING
510,LAYING
511,LAYING
512,LAYING
513,LAYING
514,LAYING
515,LAYING
516,LAYING
517,LAYING
518,LAYING
519,LAYING
520,LAYING
521,LAYING
522,LAYING
523,LAYING
524,LAYING
525,LAYING
526,LAYING
527,LAYING
528,LAYING
529,LAYING
530,LAYING
531,LAYING
532,LAYING
533,LAYING
534,LAYING
535,LAYING
536,LAYING
537,LAYING
538,LAYING
539,LAYING
540,LAYING
541,LAYING
542,LAYING
543,LAYING
544,LAYING
545,LAYING
546,LAYING
547,LAYING
548,LAYING
549,LAYING
550,LAYING
551,LAYING
552,LAYING
553,LAYING
554,LAYING
555,LAYING
556,LAYING
557,LAYING
558,LAYING
559,LAYING
560,LAYING
561,LAYING
562,LAYING
563,LAYING
564,LAYING
565,LAYING
566,LAYING
567,LAYING
568,LAYING
569,LAYING
570,LAYING
571,LAYING
572,LAYING
573,LAYING
574,LAYING
575,LAYING
576,LAYING
577,LAYING
578,LAYING
579,LAYING
580,LAYING
581,LAYING
582,LAYING
583,LAYING
584,LAYING
585,LAYING
586,LAYING
587,LAYING
588,LAYING
589,LAYING
590,LAYING
591,LAYING
592,LAYING
593,LAYING
594,LAYING
595,LAYING
596,LAYING
597,LAYING
598,LAYING
599,LAYING
600,LAYING
601,LAYING
602,LAYING
603,LAYING
604,LAYING
605,LAYING
606,LAYING
607,LAYING
608,LAYING
609,LAYING
610,LAYING
611,LAYING
612,LAYING
613,LAYING
614,LAYING
615,LAYING
616,LAYING
617,LAYING
618,LAYING
619,LAYING
620,LAYING
621,LAYING
622,LAYING
623,LAYING
624,LAYING
625,LAYING
626,LAYING
627,LAYING
628,LAYING
629,LAYING
630,LAYING
631,LAYING
632,LAYING
633,LAYING
634,LAYING
635,LAYING
636,LAYING
637,LAYING
638,LAYING
639,LAYING
640,LAYING
641,LAYING
642,LAYING
643,LAYING
644,LAYING
645,LAYING
646,LAYING
647,LAYING
648,LAYING
649,LAYING
650,LAYING
651,LAYING
652,LAYING
653,LAYING
654,LAYING
655,LAYING
656,LAYING
657,LAYING
658,LAYING
659,LAYING
660,LAYING
661,LAYING
662,LAYING
663,LAYING
664,LAYING
665,LAYING
666,LAYING
667,LAYING
668,LAYING
669,LAYING
670,LAYING
671,LAYING
672,LAYING
673,LAYING
674,LAYING
675,LAYING
676,LAYING
677,LAYING
678,LAYING
679,LAYING
680,LAYING
681,LAYING
682,LAYING
683,LAYING
684,LAYING
685,LAYING
686,LAYING
687,LAYING
688,LAYING
689,LAYING
690,LAYING
691,LAYING
692,LAYING
693,LAYING
694,LAYING
695,LAYING
696,LAYING
697,LAYING
698,LAYING
699,LAYING
700,LAYING
701,LAYING
702,LAYING
703,LAYING
704,LAYING
705,LAYING
706,LAYING
707,LAYING
708,LAYING
709,LAYING
710,LAYING
711,LAYING
712,LAYING
713,LAYING
714,LAYING
715,LAYING
716,LAYING
717,LAYING
718,LAYING
719,LAYING
720,LAYING
721,LAYING
722,LAYING
723,LAYING
724,LAYING
725,LAYING
726,LAYING
727,LAYING
728,LAYING
729,LAYING
730,LAYING
731,LAYING
732,LAYING
733,LAYING
734,LAYING
735,LAYING
736,LAYING
737,LAYING
738,LAYING
739,LAYING
740,LAYING
741,LAYING
742,LAYING
743,LAYING
744,LAYING
745,LAYING
746,LAYING
747,LAYING
748,LAYING
749,LAYING
750,LAYING
751,LAYING
752,LAYING
753,LAYING
754,LAYING
755,LAYING
756,LAYING
757,LAYING
758,LAYING
759,LAYING
760,LAYING
761,LAYING
762,LAYING
763,LAYING
764,LAYING
765,LAYING
766,LAYING
767,LAYING
768,LAYING
769,LAYING
770,LAYING
771,LAYING
772,LAYING
773,LAYING
774,LAYING
775,LAYING
776,LAYING
777,LAYING
778,LAYING
779,LAYING
780,LAYING
781,LAYING
782,LAYING
783,LAYING
784,LAYING
785,LAYING
786,LAYING
787,LAYING
788,LAYING
789,LAYING
790,LAYING
791,LAYING
792,LAYING
793,LAYING
794,LAYING
795,LAYING
796,LAYING
797,LAYING
798,LAYING
799,LAYING
800,LAYING
801,LAYING
802,LAYING
803,LAYING
804,LAYING
805,LAYING
806,LAYING
807,LAYING
808,LAYING
809,LAYING
810,LAYING
811,LAYING
812,LAYING
813,LAYING
814,LAYING
815,LAYING
816,LAYING
817,LAYING
818,LAYING
819,LAYING
820,LAYING
821,LAYING
822,LAYING
823,LAYING
824,LAYING
825,LAYING
826,LAYING
827,LAYING
828,LAYING
829,LAYING
830,LAYING
831,LAYING
832,LAYING
833,LAYING
834,LAYING
835,LAYING
836,LAYING
837,LAYING
838,LAYING
839,LAYING
840,LAYING
841,LAYING
842,LAYING
843,LAYING
844,LAYING
845,LAYING
846,LAYING
847,LAYING
848,LAYING
849,LAYING
850,LAYING
851,LAYING
852,LAYING
853,LAYING
854,LAYING
855,LAYING
856,LAYING
857,LAYING
858,LAYING
859,LAYING
860,LAYING
861,LAYING
862,LAYING
863,LAYING
864,LAYING
865,LAYING
866,LAYING
867,LAYING
868,LAYING
869,LAYING
870,LAYING
871,LAYING
872,LAYING
873,LAYING
874,LAYING
875,LAYING
876,LAYING
877,LAYING
878,LAYING
879,LAYING
880,LAYING
881,LAYING
882,LAYING
883,LAYING
884,LAYING
885,LAYING
886,LAYING
887,LAYING
888,LAYING
889,LAYING
890,LAYING
891,LAYING
892,LAYING
893,LAYING
894,LAYING
895,LAYING
896,LAYING
897,LAYING
898,LAYING
899,LAYING
900,LAYING
901,LAYING
902,LAYING
903,LAYING
904,LAYING
905,LAYING
906,LAYING
907,LAYING
908,LAYING
909,LAYING
910,LAYING
911,LAYING
912,LAYING
913,LAYING
914,LAYING
915,LAYING
916,LAYING
917,LAYING
918,LAYING
919,LAYING
920,LAYING
921,LAYING
922,LAYING
923,LAYING
924,LAYING
925,LAYING
926,LAYING
927,LAYING
928,LAYING
929,LAYING
930,LAYING
931,LAYING
932,LAYING
933,LAYING
934,LAYING
935,LAYING
936,LAYING
937,LAYING
938,LAYING
939,LAYING
940,LAYING
941,LAYING
942,LAYING
943,LAYING
944,LAYING
945,LAYING
946,LAYING
947,LAYING
948,LAYING
949,LAYING
950,LAYING
951,LAYING
952,LAYING
953,LAYING
954,LAYING
955,LAYING
956,LAYING
957,LAYING
958,LAYING
959,LAYING
960,LAYING
961,LAYING
962,LAYING
963,LAYING
964,LAYING
965,LAYING
966,LAYING
967,LAYING
968,LAYING
969,LAYING
970,LAYING
971,LAYING
972,LAYING
973,LAYING
974,LAYING
975,LAYING
976,LAYING
977,LAYING
978,LAYING
979,LAYING
980,LAYING
981,LAYING
982,LAYING
983,LAYING
984,LAYING
985,LAYING
986,LAYING
987,LAYING
988,LAYING
989,LAYING
990,LAYING
991,LAYING
992,LAYING
993,LAYING
994,LAYING
995,LAYING
996,LAYING
997,LAYING
998,LAYING
999,LAYING
1000,LAYING
1001,LAYING
1002,LAYING
1003,LAYING
1004,LAYING
1005,LAYING
1006,LAYING
1007,LAYING
1008,LAYING
1009,LAYING
1010,LAYING
1011,LAYING
1012,LAYING
1013,LAYING
1014,LAYING
1015,LAYING
1016,LAYING
1017,LAYING
1018,LAYING
1019,LAYING
1020,LAYING
1021,LAYING
1022,LAYING
1023,LAYING
1024,LAYING
1025,LAYING
1026,LAYING
1027,LAYING
1028,LAYING
1029,LAYING
1030,LAYING
1031,LAYING
1032,LAYING
1033,LAYING
1034,LAYING
1035,LAYING
1036,LAYING
1037,LAYING
1038,LAYING
1039,LAYING
1040,LAYING
1041,LAYING
1042,LAYING
1043,LAYING
1044,LAYING
1045,LAYING
1046,LAYING
1047,LAYING
1048,LAYING
1049,LAYING
1050,LAYING
1051,LAYING
1052,LAYING
1053,LAYING
1054,LAYING
1055,LAYING
1056,LAYING
1057,LAYING
1058,LAYING
1059,LAYING
1060,LAYING
1061,LAYING
1062,LAYING
1063,LAYING
1064,LAYING
1065,LAYING
1066,LAYING
1067,LAYING
1068,LAYING
1069,LAYING
1070,LAYING
1071,LAYING
1072,LAYING
1073,LAYING
1074,LAYING
1075,LAYING
1076,LAYING
1077,LAYING
1078,LAYING
1079,LAYING
1080,LAYING
1081,LAYING
1082,LAYING
1083,LAYING
1084,LAYING
1085,LAYING
1086,LAYING
1087,LAYING
1088,LAYING
1089,LAYING
1090,LAYING
1091,LAYING
1092,LAYING
1093,LAYING
1094,LAYING
1095,LAYING
1096,LAYING
1097,LAYING
1098,LAYING
1099,LAYING
1100,LAYING
1101,LAYING
1102,LAYING
1103,LAYING
1104,LAYING
1105,LAYING
1106,LAYING
1107,LAYING
1108,LAYING
1109,LAYING
1110,LAYING
1111,LAYING
1112,LAYING
1113,LAYING
1114,LAYING
1115,LAYING
1116,LAYING
1117,LAYING
1118,LAYING
1119,LAYING
1120,LAYING
1121,LAYING
1122,LAYING
1123,LAYING
1124,LAYING
1125,LAYING
1126,LAYING
1127,LAYING
1128,LAYING
1129,LAYING
1130,LAYING
1131,LAYING
1132,LAYING
1133,LAYING
1134,LAYING
1135,LAYING
1136,LAYING
1137,LAYING
1138,LAYING
1139,LAYING
1140,LAYING
1141,LAYING
1142,LAYING
1143,LAYING
1144,LAYING
1145,LAYING
1146,LAYING
1147,LAYING
1148,LAYING
1149,LAYING
1150,LAYING
1151,LAYING
1152,LAYING
1153,LAYING
1154,LAYING
1155,LAYING
1156,LAYING
1157,LAYING
1158,LAYING
1159,LAYING
1160,LAYING
1161,LAYING
1162,LAYING
1163,LAYING
1164,LAYING
1165,LAYING
1166,LAYING
1167,LAYING
1168,LAYING
1169,LAYING
1170,LAYING
1171,LAYING
1172,LAYING
1173,LAYING
1174,LAYING
1175,LAYING
1176,LAYING
1177,LAYING
1178,LAYING
1179,LAYING
1180,LAYING
1181,LAYING
1182,LAYING
1183,LAYING
1184,LAYING
1185,LAYING
1186,LAYING
1187,LAYING
1188,LAYING
1189,LAYING
1190,LAYING
1191,LAYING
1192,LAYING
1193,LAYING
1194,LAYING
1195,LAYING
1196,LAYING
1197,LAYING
1198,LAYING
1199,LAYING
1200,LAYING
1201,LAYING
1202,LAYING
1203,LAYING
1204,LAYING
1205,LAYING
1206,LAYING
1207,LAYING
1208,LAYING
1209,LAYING
1210,LAYING
1211,LAYING
1212,LAYING
1213,LAYING
1214,LAYING
1215,LAYING
1216,LAYING
1217,LAYING
1218,LAYING
1219,LAYING
1220,LAYING
1221,LAYING
1222,LAYING
1223,LAYING
1224,LAYING
1225,LAYING
1226,LAYING
1227,LAYING
1228,LAYING
1229,LAYING
1230,LAYING
1231,LAYING
1232,LAYING
1233,LAYING
1234,LAYING
1235,LAYING
1236,LAYING
1237,LAYING
1238,LAYING
1239,LAYING
1240,LAYING
1241,LAYING
1242,LAYING
1243,LAYING
1244,LAYING
1245,LAYING
1246,LAYING
1247,LAYING
1248,LAYING
1249,LAYING
1250,LAYING
1251,LAYING
1252,LAYING
1253,LAYING
1254,LAYING
1255,LAYING
1256,LAYING
1257,LAYING
1258,LAYING
1259,LAYING
1260,LAYING
1261,LAYING
1262,LAYING
1263,LAYING
1264,LAYING
1265,LAYING
1266,LAYING
1267,LAYING
1268,LAYING
1269,LAYING
1270,LAYING
1271,LAYING
1272,LAYING
1273,LAYING
1274,LAYING
1275,LAYING
1276,LAYING
1277,LAYING
1278,LAYING
1279,LAYING
1280,LAYING
1281,LAYING
1282,LAYING
1283,LAYING
1284,LAYING
1285,LAYING
1286,LAYING
1287,LAYING
1288,LAYING
1289,LAYING
1290,LAYING
1291,LAYING
1292,LAYING
1293,LAYING
1294,LAYING
1295,LAYING
1296,LAYING
1297,LAYING
1298,LAYING
1299,LAYING
1300,LAYING
1301,LAYING
1302,LAYING
1303,LAYING
1304,LAYING
1305,LAYING
1306,LAYING
1307,LAYING
1308,LAYING
1309,LAYING
1310,LAYING
1311,LAYING
1312,LAYING
1313,LAYING
1314,LAYING
1315,LAYING
1316,LAYING
1317,LAYING
1318,LAYING
1319,LAYING
1320,LAYING
1321,LAYING
1322,LAYING
1323,LAYING
1324,LAYING
1325,LAYING
1326,LAYING
1327,LAYING
1328,LAYING
1329,LAYING
1330,LAYING
1331,LAYING
1332,LAYING
1333,LAYING
1334,LAYING
1335,LAYING
1336,LAYING
1337,LAYING
1338,LAYING
1339,LAYING
1340,LAYING
1341,LAYING
1342,LAYING
1343,LAYING
1344,LAYING
1345,LAYING
1346,LAYING
1347,LAYING
1348,LAYING
1349,LAYING
1350,LAYING
1351,LAYING
1352,LAYING
1353,LAYING
1354,LAYING
1355,LAYING
1356,LAYING
1357,LAYING
1358,LAYING
1359,LAYING
1360,LAYING
1361,LAYING
1362,LAYING
1363,LAYING
1364,LAYING
1365,LAYING
1366,LAYING
1367,LAYING
1368,LAYING
1369,LAYING
1370,LAYING
1371,LAYING
1372,LAYING
1373,LAYING
1374,LAYING
1375,LAYING
1376,LAYING
1377,LAYING
1378,LAYING
1379,LAYING
1380,LAYING
1381,LAYING
1382,LAYING
1383,LAYING
1384,LAYING
1385,LAYING
1386,LAYING
1387,LAYING
1388,LAYING
1389,LAYING
1390,LAYING
1391,LAYING
1392,LAYING
1393,LAYING
1394,LAYING
1395,LAYING
1396,LAYING
1397,LAYING
1398,LAYING
1399,LAYING
1400,LAYING
1401,LAYING
1402,LAYING
1403,LAYING
1404,LAYING
1405,LAYING
1406,LAYING
1407,LAYING
1408,LAYING
1409,LAYING
1410,LAYING
1411,LAYING
1412,LAYING
1413,LAYING
1414,LAYING
1415,LAYING
1416,LAYING
1417,LAYING
1418,LAYING
1419,LAYING
1420,LAYING
1421,LAYING
1422,LAYING
1423,LAYING
1424,LAYING
1425,LAYING
1426,LAYING
1427,LAYING
1428,LAYING
1429,LAYING
1430,LAYING
1431,LAYING
1432,LAYING
1433,LAYING
1434,LAYING
1435,LAYING
1436,LAYING
1437,LAYING
1438,LAYING
1439,LAYING
1440,LAYING
1441,LAYING
1442,LAYING
1443,LAYING
1444,LAYING
1445,LAYING
1446,LAYING
1447,LAYING
1448,LAYING
1449,LAYING
1450,LAYING
1451,LAYING
1452,LAYING
1453,LAYING
1454,LAYING
1455,LAYING
1456,LAYING
1457,LAYING
1458,LAYING
1459,LAYING
1460,LAYING
1461,LAYING
1462,LAYING
1463,LAYING
1464,LAYING
1465,LAYING
1466,LAYING
1467,LAYING
1468,LAYING
1469,LAYING
1470,LAYING
1471,LAYING
1472,LAYING
1473,LAYING
1474,LAYING
1475,LAYING
1476,LAYING
1477,LAYING
1478,LAYING
1479,LAYING
1480,LAYING
1481,LAYING
1482,LAYING
1483,LAYING
1484,LAYING
1485,LAYING
1486,LAYING
1487,LAYING
1488,LAYING
1489,LAYING
1490,LAYING
1491,LAYING
1492,LAYING
1493,LAYING
1494,LAYING
1495,LAYING
1496,LAYING
1497,LAYING
1498,LAYING
1499,LAYING
1500,LAYING
1501,LAYING
1502,LAYING
1503,LAYING
1504,LAYING
1505,LAYING
1506,LAYING
1507,LAYING
1508,LAYING
1509,LAYING
1510,LAYING
1511,LAYING
1512,LAYING
1513,LAYING
1514,LAYING
1515,LAYING
1516,LAYING
1517,LAYING
1518,LAYING
1519,LAYING
1520,LAYING
1521,LAYING
1522,LAYING
1523,LAYING
1524,LAYING
1525,LAYING
1526,LAYING
1527,LAYING
1528,LAYING
1529,LAYING
1530,LAYING
1531,LAYING
1532,LAYING
1533,LAYING
1534,LAYING
1535,LAYING
1536,LAYING
1537,LAYING
1538,LAYING
1539,LAYING
1540,LAYING
1541,LAYING
1542,LAYING
1543,LAYING
1544,LAYING
1545,LAYING
1546,LAYING
1547,LAYING
1548,LAYING
1549,LAYING
1550,LAYING
1551,LAYING
1552,LAYING
1553,LAYING
1554,LAYING
1555,LAYING
1556,LAYING
1557,LAYING
1558,LAYING
1559,LAYING
1560,LAYING
1561,LAYING
1562,LAYING
1563,LAYING
1564,LAYING
1565,LAYING
1566,LAYING
1567,LAYING
1568,LAYING
1569,LAYING
1570,LAYING
1571,LAYING
1572,LAYING
1573,LAYING
1574,LAYING
1575,LAYING
1576,LAYING
1577,LAYING
1578,LAYING
1579,LAYING
1580,LAYING
1581,LAYING
1582,LAYING
1583,LAYING
1584,LAYING
1585,LAYING
1586,LAYING
1587,LAYING
1588,LAYING
1589,LAYING
1590,LAYING
1591,LAYING
1592,LAYING
1593,LAYING
1594,LAYING
1595,LAYING
1596,LAYING
1597,LAYING
1598,LAYING
1599,LAYING
1600,LAYING
1601,LAYING
1602,LAYING
1603,LAYING
1604,LAYING
1605,LAYING
1606,LAYING
1607,LAYING
1608,LAYING
1609,LAYING
1610,LAYING
1611,LAYING
1612,LAYING
1613,LAYING
1614,LAYING
1615,LAYING
1616,LAYING
1617,LAYING
1618,LAYING
1619,LAYING
1620,LAYING
1621,LAYING
1622,LAYING
1623,LAYING
1624,LAYING
1625,LAYING
1626,LAYING
1627,LAYING
1628,LAYING
1629,LAYING
1630,LAYING
1631,LAYING
1632,LAYING
1633,LAYING
1634,LAYING
1635,LAYING
1636,LAYING
1637,LAYING
1638,LAYING
1639,LAYING
1640,LAYING
1641,LAYING
1642,LAYING
1643,LAYING
1644,LAYING
1645,LAYING
1646,LAYING
1647,LAYING
1648,LAYING
1649,LAYING
1650,LAYING
1651,LAYING
1652,LAYING
1653,LAYING
1654,LAYING
1655,LAYING
1656,LAYING
1657,LAYING
1658,LAYING
1659,LAYING
1660,LAYING
1661,LAYING
1662,LAYING
1663,LAYING
1664,LAYING
1665,LAYING
1666,LAYING
1667,LAYING
1668,LAYING
1669,LAYING
1670,LAYING
1671,LAYING
1672,LAYING
1673,LAYING
1674,LAYING
1675,LAYING
1676,LAYING
1677,LAYING
1678,LAYING
1679,LAYING
1680,LAYING
1681,LAYING
1682,LAYING
1683,LAYING
1684,LAYING
1685,LAYING
1686,LAYING
1687,LAYING
1688,LAYING
1689,LAYING
1690,LAYING
1691,LAYING
1692,LAYING
1693,LAYING
1694,LAYING
1695,LAYING
1696,LAYING
1697,LAYING
1698,LAYING
1699,LAYING
1700,LAYING
1701,LAYING
1702,LAYING
1703,LAYING
1704,LAYING
1705,LAYING
1706,LAYING
1707,LAYING
1708,LAYING
1709,LAYING
1710,LAYING
1711,LAYING
1712,LAYING
1713,LAYING
1714,LAYING
1715,LAYING
1716,LAYING
1717,LAYING
1718,LAYING
1719,LAYING
1720,LAYING
1721,LAYING
1722,LAYING
1723,LAYING
1724,LAYING
1725,LAYING
1726,LAYING
1727,LAYING
1728,LAYING
1729,LAYING
1730,LAYING
1731,LAYING
1732,LAYING
1733,LAYING
1734,LAYING
1735,LAYING
1736,LAYING
1737,LAYING
1738,LAYING
1739,LAYING
1740,LAYING
1741,LAYING
1742,LAYING
1743,LAYING
1744,LAYING
1745,LAYING
1746,LAYING
1747,LAYING
1748,LAYING
1749,LAYING
1750,LAYING
1751,LAYING
1752,LAYING
1753,LAYING
1754,LAYING
1755,LAYING
1756,LAYING
1757,LAYING
1758,LAYING
1759,LAYING
1760,LAYING
1761,LAYING
1762,LAYING
1763,LAYING
1764,LAYING
1765,LAYING
1766,LAYING
1767,LAYING
1768,LAYING
1769,LAYING
1770,LAYING
1771,LAYING
1772,LAYING
1773,LAYING
1774,LAYING
1775,LAYING
1776,LAYING
1777,LAYING
1778,LAYING
1779,LAYING
1780,LAYING
1781,LAYING
1782,LAYING
1783,LAYING
1784,LAYING
1785,LAYING
1786,LAYING
1787,LAYING
1788,LAYING
1789,LAYING
1790,LAYING
1791,LAYING
1792,LAYING
1793,LAYING
1794,LAYING
1795,LAYING
1796,LAYING
1797,LAYING
1798,LAYING
1799,LAYING
1800,LAYING
1801,LAYING
1802,LAYING
1803,LAYING
1804,LAYING
1805,LAYING
1806,LAYING
1807,LAYING
1808,LAYING
1809,LAYING
1810,LAYING
1811,LAYING
1812,LAYING
1813,LAYING
1814,LAYING
1815,LAYING
1816,LAYING
1817,LAYING
1818,LAYING
1819,LAYING
1820,LAYING
1821,LAYING
1822,LAYING
1823,LAYING
1824,LAYING
1825,LAYING
1826,LAYING
1827,LAYING
1828,LAYING
1829,LAYING
1830,LAYING
1831,LAYING
1832,LAYING
1833,LAYING
1834,LAYING
1835,LAYING
1836,LAYING
1837,LAYING
1838,LAYING
1839,LAYING
1840,LAYING
1841,LAYING
1842,LAYING
1843,LAYING
1844,LAYING
1845,LAYING
1846,LAYING
1847,LAYING
1848,LAYING
1849,LAYING
1850,LAYING
1851,LAYING
1852,LAYING
1853,LAYING
1854,LAYING
1855,LAYING
1856,LAYING
1857,LAYING
1858,LAYING
1859,LAYING
1860,LAYING
1861,LAYING
1862,LAYING
1863,LAYING
1864,LAYING
1865,LAYING
1866,LAYING
1867,LAYING
1868,LAYING
1869,LAYING
1870,LAYING
1871,LAYING
1872,LAYING
1873,LAYING
1874,LAYING
1875,LAYING
1876,LAYING
1877,LAYING
1878,LAYING
1879,LAYING
1880,LAYING
1881,LAYING
1882,LAYING
1883,LAYING
1884,LAYING
1885,LAYING
1886,LAYING
1887,LAYING
1888,LAYING
1889,LAYING
1890,LAYING
1891,LAYING
1892,LAYING
1893,LAYING
1894,LAYING
1895,LAYING
1896,LAYING
1897,LAYING
1898,LAYING
1899,LAYING
1900,LAYING
1901,LAYING
1902,LAYING
1903,LAYING
1904,LAYING
1905,LAYING
1906,LAYING
1907,LAYING
1908,LAYING
1909,LAYING
1910,LAYING
1911,LAYING
1912,LAYING
1913,LAYING
1914,LAYING
1915,LAYING
1916,LAYING
1917,LAYING
1918,LAYING
1919,LAYING
1920,LAYING
1921,LAYING
1922,LAYING
1923,LAYING
1924,LAYING
1925,LAYING
1926,LAYING
1927,LAYING
1928,LAYING
1929,LAYING
1930,LAYING
1931,LAYING
1932,LAYING
1933,LAYING
1934,LAYING
1935,LAYING
1936,LAYING
1937,LAYING
1938,LAYING
1939,LAYING
1940,LAYING
1941,LAYING
1942,LAYING
1943,LAYING
1944,LAYING
1945,LAYING
1946,LAYING
1947,LAYING
1948,LAYING
1949,LAYING
1950,LAYING
1951,LAYING
1952,LAYING
1953,LAYING
1954,LAYING
1955,LAYING
1956,LAYING
1957,LAYING
1958,LAYING
1959,LAYING
1960,LAYING
1961,LAYING
1962,LAYING
1963,LAYING
1964,LAYING
1965,LAYING
1966,LAYING
1967,LAYING
1968,LAYING
1969,LAYING
1970,LAYING
1971,LAYING
1972,LAYING
1973,LAYING
1974,LAYING
1975,LAYING
1976,LAYING
1977,LAYING
1978,LAYING
1979,LAYING
1980,LAYING
1981,LAYING
1982,LAYING
1983,LAYING
1984,LAYING
1985,LAYING
1986,LAYING
1987,LAYING
1988,LAYING
1989,LAYING
1990,LAYING
1991,LAYING
1992,LAYING
1993,LAYING
1994,LAYING
1995,LAYING
1996,LAYING
1997,LAYING
1998,LAYING
1999,LAYING
2000,LAYING
2001,LAYING
2002,LAYING
2003,LAYING
2004,LAYING
2005,LAYING
2006,LAYING
2007,LAYING
2008,LAYING
2009,LAYING
2010,LAYING
2011,LAYING
2012,LAYING
2013,LAYING
2014,LAYING
2015,LAYING
2016,LAYING
2017,LAYING
2018,LAYING
2019,LAYING
2020,LAYING
2021,LAYING
2022,LAYING
2023,LAYING
2024,LAYING
2025,LAYING
2026,LAYING
2027,LAYING
2028,LAYING
2029,LAYING
2030,LAYING
2031,LAYING
2032,LAYING
2033,LAYING
2034,LAYING
2035,LAYING
2036,LAYING
2037,LAYING
2038,LAYING
2039,LAYING
2040,LAYING
2041,LAYING
2042,LAYING
2043,LAYING
2044,LAYING
2045,LAYING
2046,LAYING
2047,LAYING
2048,LAYING
2049,LAYING
2050,LAYING
2051,LAYING
2052,LAYING
2053,LAYING
2054,LAYING
2055,LAYING
2056,LAYING
2057,LAYING
2058,LAYING
2059,LAYING
2060,LAYING
2061,LAYING
2062,LAYING
2063,LAYING
2064,LAYING
2065,LAYING
2066,LAYING
2067,LAYING
2068,LAYING
2069,LAYING
2070,LAYING
2071,LAYING
2072,LAYING
2073,LAYING
2074,LAYING
2075,LAYING
2076,LAYING
2077,LAYING
2078,LAYING
2079,LAYING
2080,LAYING
2081,LAYING
2082,LAYING
2083,LAYING
2084,LAYING
2085,LAYING
2086,LAYING
2087,LAYING
2088,LAYING
2089,LAYING
2090,LAYING
2091,LAYING
2092,LAYING
2093,LAYING
2094,LAYING
2095,LAYING
2096,LAYING
2097,LAYING
2098,LAYING
2099,LAYING
2100,LAYING
2101,LAYING
2102,LAYING
2103,LAYING
2104,LAYING
2105,LAYING
2106,LAYING
2107,LAYING
2108,LAYING
2109,LAYING
2110,LAYING
2111,LAYING
2112,LAYING
2113,LAYING
2114,LAYING
2115,LAYING
2116,LAYING
2117,LAYING
2118,LAYING
2119,LAYING
2120,LAYING
2121,LAYING
2122,LAYING
2123,LAYING
2124,LAYING
2125,LAYING
2126,LAYING
2127,LAYING
2128,LAYING
2129,LAYING
2130,LAYING
2131,LAYING
2132,LAYING
2133,LAYING
2134,LAYING
2135,LAYING
2136,LAYING
2137,LAYING
2138,LAYING
2139,LAYING
2140,LAYING
2141,LAYING
2142,LAYING
2143,LAYING
2144,LAYING
2145,LAYING
2146,LAYING
2147,LAYING
2148,LAYING
2149,LAYING
2150,LAYING
2151,LAYING
2152,LAYING
2153,LAYING
2154,LAYING
2155,LAYING
2156,LAYING
2157,LAYING
2158,LAYING
2159,LAYING
2160,LAYING
2161,LAYING
2162,LAYING
2163,LAYING
2164,LAYING
2165,LAYING
2166,LAYING
2167,LAYING
2168,LAYING
2169,LAYING
2170,LAYING
2171,LAYING
2172,LAYING
2173,LAYING
2174,LAYING
2175,LAYING
2176,LAYING
2177,LAYING
2178,LAYING
2179,LAYING
2180,LAYING
2181,LAYING
2182,LAYING
2183,LAYING
2184,LAYING
2185,LAYING
2186,LAYING
2187,LAYING
2188,LAYING
2189,LAYING
2190,LAYING
2191,LAYING
2192,LAYING
2193,LAYING
2194,LAYING
2195,LAYING
2196,LAYING
2197,LAYING
2198,LAYING
2199,LAYING
2200,LAYING
2201,LAYING
2202,LAYING
2203,LAYING
2204,LAYING
2205,LAYING
2206,LAYING
2207,LAYING
2208,LAYING
2209,LAYING
2210,LAYING
2211,LAYING
2212,LAYING
2213,LAYING
2214,LAYING
2215,LAYING
2216,LAYING
2217,LAYING
2218,LAYING
2219,LAYING
2220,LAYING
2221,LAYING
2222,LAYING
2223,LAYING
2224,LAYING
2225,LAYING
2226,LAYING
2227,LAYING
2228,LAYING
2229,LAYING
2230,LAYING
2231,LAYING
2232,LAYING
2233,LAYING
2234,LAYING
2235,LAYING
2236,LAYING
2237,LAYING
2238,LAYING
2239,LAYING
2240,LAYING
2241,LAYING
2242,LAYING
2243,LAYING
2244,LAYING
2245,LAYING
2246,LAYING
2247,LAYING
2248,LAYING
2249,LAYING
2250,LAYING
2251,LAYING
2252,LAYING
2253,LAYING
2254,LAYING
2255,LAYING
2256,LAYING
2257,LAYING
2258,LAYING
2259,LAYING
2260,LAYING
2261,LAYING
2262,LAYING
2263,LAYING
2264,LAYING
2265,LAYING
2266,LAYING
2267,LAYING
2268,LAYING
2269,LAYING
2270,LAYING
2271,LAYING
2272,LAYING
2273,LAYING
2274,LAYING
2275,LAYING
2276,LAYING
2277,LAYING
2278,LAYING
2279,LAYING
2280,LAYING
2281,LAYING
2282,LAYING
2283,LAYING
2284,LAYING
2285,LAYING
2286,LAYING
2287,LAYING
2288,LAYING
2289,LAYING
2290,LAYING
2291,LAYING
2292,LAYING
2293,LAYING
2294,LAYING
2295,LAYING
2296,LAYING
2297,LAYING
2298,LAYING
2299,LAYING
2300,LAYING
2301,LAYING
2302,LAYING
2303,LAYING
2304,LAYING
2305,LAYING
2306,LAYING
2307,LAYING
2308,LAYING
2309,LAYING
2310,LAYING
2311,LAYING
2312,LAYING
2313,LAYING
2314,LAYING
2315,LAYING
2316,LAYING
2317,LAYING
2318,LAYING
2319,LAYING
2320,LAYING
2321,LAYING
2322,LAYING
2323,LAYING
2324,LAYING
2325,LAYING
2326,LAYING
2327,LAYING
2328,LAYING
2329,LAYING
2330,LAYING
2331,LAYING
2332,LAYING
2333,LAYING
2334,LAYING
2335,LAYING
2336,LAYING
2337,LAYING
2338,LAYING
2339,LAYING
2340,LAYING
2341,LAYING
2342,LAYING
2343,LAYING
2344,LAYING
2345,LAYING
2346,LAYING
2347,LAYING
2348,LAYING
2349,LAYING
2350,LAYING
2351,LAYING
2352,LAYING
2353,LAYING
2354,LAYING
2355,LAYING
2356,LAYING
2357,LAYING
2358,LAYING
2359,LAYING
2360,LAYING
2361,LAYING
2362,LAYING
2363,LAYING
2364,LAYING
2365,LAYING
2366,LAYING
2367,LAYING
2368,LAYING
2369,LAYING
2370,LAYING
2371,LAYING
2372,LAYING
2373,LAYING
2374,LAYING
2375,LAYING
2376,LAYING
2377,LAYING
2378,LAYING
2379,LAYING
2380,LAYING
2381,LAYING
2382,LAYING
2383,LAYING
2384,LAYING
2385,LAYING
2386,LAYING
2387,LAYING
2388,LAYING
2389,LAYING
2390,LAYING
2391,LAYING
2392,LAYING
2393,LAYING
2394,LAYING
2395,LAYING
2396,LAYING
2397,LAYING
2398,LAYING
2399,LAYING
2400,LAYING
2401,LAYING
2402,LAYING
2403,LAYING
2404,LAYING
2405,LAYING
2406,LAYING
2407,LAYING
2408,LAYING
2409,LAYING
2410,LAYING
2411,LAYING
2412,LAYING
2413,LAYING
2414,LAYING
2415,LAYING
2416,LAYING
2417,LAYING
2418,LAYING
2419,LAYING
2420,LAYING
2421,LAYING
2422,LAYING
2423,LAYING
2424,LAYING
2425,LAYING
2426,LAYING
2427,LAYING
2428,LAYING
2429,LAYING
2430,LAYING
2431,LAYING
2432,LAYING
2433,LAYING
2434,LAYING
2435,LAYING
2436,LAYING
2437,LAYING
2438,LAYING
2439,LAYING
2440,LAYING
2441,LAYING
2442,LAYING
2443,LAYING
2444,LAYING
2445,LAYING
2446,LAYING
2447,LAYING
2448,LAYING
2449,LAYING
2450,LAYING
2451,LAYING
2452,LAYING
2453,LAYING
2454,LAYING
2455,LAYING
2456,LAYING
2457,LAYING
2458,LAYING
2459,LAYING
2460,LAYING
2461,LAYING
2462,LAYING
2463,LAYING
2464,LAYING
2465,LAYING
2466,LAYING
2467,LAYING
2468,LAYING
2469,LAYING
2470,LAYING
2471,LAYING
2472,LAYING
2473,LAYING
2474,LAYING
2475,LAYING
2476,LAYING
2477,LAYING
2478,LAYING
2479,LAYING
2480,LAYING
2481,LAYING
2482,LAYING
2483,LAYING
2484,LAYING
2485,LAYING
2486,LAYING
2487,LAYING
2488,LAYING
2489,LAYING
2490,LAYING
2491,LAYING
2492,LAYING
2493,LAYING
2494,LAYING
2495,LAYING
2496,LAYING
2497,LAYING
2498,LAYING
2499,LAYING
2500,LAYING
2501,LAYING
2502,LAYING
2503,LAYING
2504,LAYING
2505,LAYING
2506,LAYING
2507,LAYING
2508,LAYING
2509,LAYING
2510,LAYING
2511,LAYING
2512,LAYING
2513,LAYING
2514,LAYING
2515,LAYING
2516,LAYING
2517,LAYING
2518,LAYING
2519,LAYING
2520,LAYING
2521,LAYING
2522,LAYING
2523,LAYING
2524,LAYING
2525,LAYING
2526,LAYING
2527,LAYING
2528,LAYING
2529,LAYING
2530,LAYING
2531,LAYING
2532,LAYING
2533,LAYING
2534,LAYING
2535,LAYING
2536,LAYING
2537,LAYING
2538,LAYING
2539,LAYING
2540,LAYING
2541,LAYING
2542,LAYING
2543,LAYING
2544,LAYING
2545,LAYING
2546,LAYING
2547,LAYING
2548,LAYING
2549,LAYING
2550,LAYING
2551,LAYING
2552,LAYING
2553,LAYING
2554,LAYING
2555,LAYING
2556,LAYING
2557,LAYING
2558,LAYING
2559,LAYING
2560,LAYING
2561,LAYING
2562,LAYING
2563,LAYING
2564,LAYING
2565,LAYING
2566,LAYING
2567,LAYING
2568,LAYING
2569,LAYING
2570,LAYING
2571,LAYING
2572,LAYING
2573,LAYING
2574,LAYING
2575,LAYING
2576,LAYING
2577,LAYING
2578,LAYING
2579,LAYING
2580,LAYING
2581,LAYING
2582,LAYING
2583,LAYING
2584,LAYING
2585,LAYING
2586,LAYING
2587,LAYING
2588,LAYING
2589,LAYING
2590,LAYING
2591,LAYING
2592,LAYING
2593,LAYING
2594,LAYING
2595,LAYING
2596,LAYING
2597,LAYING
2598,LAYING
2599,LAYING
2600,LAYING
2601,LAYING
2602,LAYING
2603,LAYING
2604,LAYING
2605,LAYING
2606,LAYING
2607,LAYING
2608,LAYING
2609,LAYING
2610,LAYING
2611,LAYING
2612,LAYING
2613,LAYING
2614,LAYING
2615,LAYING
2616,LAYING
2617,LAYING
2618,LAYING
2619,LAYING
2620,LAYING
2621,LAYING
2622,LAYING
2623,LAYING
2624,LAYING
2625,LAYING
2626,LAYING
2627,LAYING
2628,LAYING
2629,LAYING
2630,LAYING
2631,LAYING
2632,LAYING
2633,LAYING
2634,LAYING
2635,LAYING
2636,LAYING
2637,LAYING
2638,LAYING
2639,LAYING
2640,LAYING
2641,LAYING
2642,LAYING
2643,LAYING
2644,LAYING
2645,LAYING
2646,LAYING
2647,LAYING
2648,LAYING
2649,LAYING
2650,LAYING
2651,LAYING
2652,LAYING
2653,LAYING
2654,LAYING
2655,LAYING
2656,LAYING
2657,LAYING
2658,LAYING
2659,LAYING
2660,LAYING
2661,LAYING
2662,LAYING
2663,LAYING
2664,LAYING
2665,LAYING
2666,LAYING
2667,LAYING
2668,LAYING
2669,LAYING
2670,LAYING
2671,LAYING
2672,LAYING
2673,LAYING
2674,LAYING
2675,LAYING
2676,LAYING
2677,LAYING
2678,LAYING
2679,LAYING
2680,LAYING
2681,LAYING
2682,LAYING
2683,LAYING
2684,LAYING
2685,LAYING
2686,LAYING
2687,LAYING
2688,LAYING
2689,LAYING
2690,LAYING
2691,LAYING
2692,LAYING
2693,LAYING
2694,LAYING
2695,LAYING
2696,LAYING
2697,LAYING
2698,LAYING
2699,LAYING
2700,LAYING
2701,LAYING
2702,LAYING
2703,LAYING
2704,LAYING
2705,LAYING
2706,LAYING
2707,LAYING
2708,LAYING
2709,LAYING
2710,LAYING
2711,LAYING
2712,LAYING
2713,LAYING
2714,LAYING
2715,LAYING
2716,LAYING
2717,LAYING
2718,LAYING
2719,LAYING
2720,LAYING
2721,LAYING
2722,LAYING
2723,LAYING
2724,LAYING
2725,LAYING
2726,LAYING
2727,LAYING
2728,LAYING
2729,LAYING
2730,LAYING
2731,LAYING
2732,LAYING
2733,LAYING
2734,LAYING
2735,LAYING
2736,LAYING
2737,LAYING
2738,LAYING
2739,LAYING
2740,LAYING
2741,LAYING
2742,LAYING
2743,LAYING
2744,LAYING
2745,LAYING
2746,LAYING
2747,LAYING
2748,LAYING
2749,LAYING
2750,LAYING
2751,LAYING
2752,LAYING
2753,LAYING
2754,LAYING
2755,LAYING
2756,LAYING
2757,LAYING
2758,LAYING
2759,LAYING
2760,LAYING
2761,LAYING
2762,LAYING
2763,LAYING
2764,LAYING
2765,LAYING
2766,LAYING
2767,LAYING
2768,LAYING
2769,LAYING
2770,LAYING
2771,LAYING
2772,LAYING
2773,LAYING
2774,LAYING
2775,LAYING
2776,LAYING
2777,LAYING
2778,LAYING
2779,LAYING
2780,LAYING
2781,LAYING
2782,LAYING
2783,LAYING
2784,LAYING
2785,LAYING
2786,LAYING
2787,LAYING
2788,LAYING
2789,LAYING
2790,LAYING
2791,LAYING
2792,LAYING
2793,LAYING
2794,LAYING
2795,LAYING
2796,LAYING
2797,LAYING
2798,LAYING
2799,LAYING
2800,LAYING
2801,LAYING
2802,LAYING
2803,LAYING
2804,LAYING
2805,LAYING
2806,LAYING
2807,LAYING
2808,LAYING
2809,LAYING
2810,LAYING
2811,LAYING
2812,LAYING
2813,LAYING
2814,LAYING
2815,LAYING
2816,LAYING
2817,LAYING
2818,LAYING
2819,LAYING
2820,LAYING
2821,LAYING
2822,LAYING
2823,LAYING
2824,LAYING
2825,LAYING
2826,LAYING
2827,LAYING
2828,LAYING
2829,LAYING
2830,LAYING
2831,LAYING
2832,LAYING
2833,LAYING
2834,LAYING
2835,LAYING
2836,LAYING
2837,LAYING
2838,LAYING
2839,LAYING
2840,LAYING
2841,LAYING
2842,LAYING
2843,LAYING
2844,LAYING
2845,LAYING
2846,LAYING
2847,LAYING
2848,LAYING
2849,LAYING
2850,LAYING
2851,LAYING
2852,LAYING
2853,LAYING
2854,LAYING
2855,LAYING
2856,LAYING
2857,LAYING
2858,LAYING
2859,LAYING
2860,LAYING
2861,LAYING
2862,LAYING
2863,LAYING
2864,LAYING
2865,LAYING
2866,LAYING
2867,LAYING
2868,LAYING
2869,LAYING
2870,LAYING
2871,LAYING
2872,LAYING
2873,LAYING
2874,LAYING
2875,LAYING
2876,LAYING
2877,LAYING
2878,LAYING
2879,LAYING
2880,LAYING
2881,LAYING
2882,LAYING
2883,LAYING
2884,LAYING
2885,LAYING
2886,LAYING
2887,LAYING
2888,LAYING
2889,LAYING
2890,LAYING
2891,LAYING
2892,LAYING
2893,LAYING
2894,LAYING
2895,LAYING
2896,LAYING
2897,LAYING
2898,LAYING
2899,LAYING
2900,LAYING
2901,LAYING
2902,LAYING
2903,LAYING
2904,LAYING
2905,LAYING
2906,LAYING
2907,LAYING
2908,LAYING
2909,LAYING
2910,LAYING
2911,LAYING
2912,LAYING
2913,LAYING
2914,LAYING
2915,LAYING
2916,LAYING
2917,LAYING
2918,LAYING
2919,LAYING
2920,LAYING
2921,LAYING
2922,LAYING
2923,LAYING
2924,LAYING
2925,LAYING
2926,LAYING
2927,LAYING
2928,LAYING
2929,LAYING
2930,LAYING
2931,LAYING
2932,LAYING
2933,LAYING
2934,LAYING
2935,LAYING
2936,LAYING
2937,LAYING
2938,LAYING
2939,LAYING
2940,LAYING
2941,LAYING
2942,LAYING
2943,LAYING
2944,LAYING
2945,LAYING
2946,LAYING
2947,LAYING
